{
    "accuracy": 0.6890243902439024,
    "precision": 0.6587301587301587,
    "recall": 0.3401639344262295,
    "f1_score": 0.4486486486486487
}