{
    "accuracy": 0.6754832146490336,
    "precision": 0.6284153005464481,
    "recall": 0.31420765027322406,
    "f1_score": 0.41894353369763204
}