{
    "accuracy": 0.6753048780487805,
    "precision": 0.6083916083916084,
    "recall": 0.35655737704918034,
    "f1_score": 0.4496124031007752
}